"text","label","notes"
"Messi's hat trick against Algeria wasn't just about finishing — watch the movement. He pulled Bennacer out of position for the first goal by drifting wide, then exploited the gap De Paul found behind the midfield. The third goal was pure instinct but the first two were manufactured by intelligent off-ball runs. Algeria's back line had no plan for a false 9 who drops deep and then accelerates.","analysis",""
"Argentina's 3-0 against Algeria was flattering in the first half honestly. Scaloni's 4-3-3 was getting pressed effectively until about the 35th minute when Enzo started dropping between the CBs to create a 3v2 against Algeria's press. That adjustment is what opened up the game, not just Messi magic.","analysis",""
"The key to Messi's second goal against Austria was Almada's dummy run. Everyone focuses on the finish but Almada dragging the CB out of the defensive line created the pocket. It's the kind of selfless movement that separates top international sides — Almada will never get credit for it but it's the reason the goal exists.","analysis",""
"What's interesting about Argentina's approach this tournament is how much they've adjusted their press from 2022. They're pressing significantly less in the first 15 minutes and sitting in a mid-block, then increasing intensity after the 25th minute. It's clearly a heat management strategy for the US summer conditions.","analysis",""
"Messi has 18 World Cup goals now but the thing people miss is his positional evolution. In 2006-2014 he was a right winger cutting inside. In 2022 he was a pure 10. Now at 39 he's basically a free-roaming forward who only sprints 3-4 times per half but each one is devastating because the opposition has relaxed.","analysis",""
"Argentina's midfield triangle of Enzo-Mac Allister-De Paul is the best pressing unit in the tournament. Their recovery speed after losing the ball is insane — they won back possession within 5 seconds 14 times against Algeria. That's elite by any metric.","analysis",""
"Look at the xG map from Argentina-Austria. Argentina created 3.2 xG from just 11 shots. That's absurd efficiency. Almost every chance was high quality because of how they manipulate the opposition's defensive shape before pulling the trigger.","analysis",""
"Tuchel has done something clever with England's shape. Bellingham and Rice form a double pivot but when England have possession, Rice drops into a back 3 while the fullbacks push up to create width. It gives Bellingham freedom to roam without leaving the midfield exposed. The Croatia game was the best example — Kane had space in the box all night because of this.","analysis",""
"Kane's penalty against Croatia was textbook. He waited for the keeper to commit and placed it low to the left. But his header for the second goal is the one worth studying — the timing of his run to the far post showed elite spatial awareness. The defender lost him because Kane checked his run and then accelerated.","analysis",""
"England's defensive record this tournament has been remarkable. Ghana created 0.4 xG total across 90 minutes. Tuchel's back four is incredibly well drilled at maintaining a high line but compressing vertically — there's almost no space between the defensive and midfield lines. Teams can't play through them.","analysis",""
"What Tuchel has fixed compared to Southgate is the transition speed. Under Southgate, England would win the ball and take 6-7 seconds to progress to the final third. Under Tuchel they're averaging under 4 seconds. That's the difference — opponents don't have time to reset their defensive shape.","analysis",""
"Mbappé's positioning against Senegal was different from his usual game. He stayed much wider on the left in the first 30 minutes instead of drifting central, which stretched Senegal's back line and created space for Griezmann in the half-spaces. Once Senegal's right-back started tucking inside to cover Griezmann, Mbappé had the 1v1 situations he thrives in.","analysis",""
"France's 3-1 over Senegal needs context. Senegal played well for 55 minutes and their high press was causing France real problems. The turning point was Deschamps bringing on Camavinga for Tchouaméni — Camavinga's ball-carrying ability through the middle broke Senegal's press consistently.","analysis",""
"Mbappé reaching 100 caps at 27 is remarkable but what's more interesting is how his game has matured. Early in his career he was purely a pace merchant running behind. Now he's combining in tight spaces, playing as a playmaker as often as a finisher. The through ball he played for Barcola's goal against Senegal was world class.","analysis",""
"France's setup against Iraq was a tactical masterclass. They played a very narrow 4-4-2 diamond that overloaded Iraq's central midfield. Iraq couldn't cope with the numerical superiority and kept losing the ball in dangerous areas. Deschamps clearly identified Iraq's weakness on the flanks when the fullbacks push up.","analysis",""
"Balogun's role in the US system is underappreciated. He's not just a target man — his pressing from the front is what triggers the team's entire defensive structure. Against Paraguay he won the ball back 4 times in the attacking third, and two of those led directly to dangerous chances. Berhalter has built the press around him.","analysis",""
"The USMNT's win over Australia was more convincing than the scoreline suggests. The US controlled 58% possession but more importantly had 74% possession in the middle third. That's where games are won — dominating the transition zones. Australia couldn't build through the middle at all.","analysis",""
"The US winning Group D for the first time since 2010 isn't just about talent — it's about tactical maturity. This team plays with a clear structure in and out of possession. The way Musah and Adams shuttled between lines to deny Australia passing lanes was sophisticated stuff.","analysis",""
"One thing I noticed about the US against Paraguay — Pulisic's heat map was completely lopsided to the left side. He barely touched the ball on the right wing. It seems like the plan was to overload the left and isolate the right-back, and it worked because Paraguay's right side was the weakest part of their team.","analysis",""
"Germany's 7-1 against Curaçao is hard to evaluate tactically because of the quality gap, but Undav's movement was genuinely impressive. Both his goals came from him timing runs into the box from a deep position — defenders didn't track him because he started in midfield. That's a skillset that translates against better opposition.","analysis",""
"Undav scoring twice as a substitute against Ivory Coast tells you something about Nagelsmann's ability to read games. He identified that Ivory Coast's CBs were tiring and struggling with runners from deep, so he brought on Undav specifically to exploit that. Both goals came from exactly that pattern.","analysis",""
"Germany look like a completely different team from the Euros. The switch to a 4-2-3-1 with Wirtz as the 10 has given them a creative hub they were missing. Wirtz's ability to receive between the lines and play quick one-twos is what makes the whole system tick.","analysis",""
"The Netherlands 2-2 draw with Japan was fascinating tactically. Japan's 4-4-2 press was initially effective but they couldn't sustain it in the heat. After 60 minutes the Dutch started finding gaps everywhere because Japan's midfield couldn't hold its shape. Gakpo was brilliant at exploiting the space between Japan's midfield and defense.","analysis",""
"Japan's 4-0 demolition of Tunisia was the most complete performance of the group stage by any team not named Argentina. Their pressing triggers were perfectly coordinated — the front two would force the ball wide, the winger would press the fullback, and the opposite midfielder would cut the switch. Tunisia had zero progressive passes in the second half.","analysis",""
"Netherlands going 5-1 against Sweden was expected given the quality difference, but the way Gakpo played as an inverted winger cutting onto his right foot caused Sweden massive problems. He completed 4 out of 5 dribbles and created 3 chances from that inside left channel.","analysis",""
"Vozinha's performance against Spain wasn't just about the saves — it was about his positioning. He consistently came off his line 2-3 yards to close down angles, which is why Spain's xG was lower than you'd expect from 27 shots. He made Spain's finishers take shots from suboptimal positions.","analysis",""
"Cape Verde's defensive organization against Spain was elite regardless of the goalkeeping heroics. They maintained a compact 5-4-1 with only 10-15 meters between the defensive line and the midfield line. Spain could get the ball into wide areas but the central overload meant crosses were going into a crowded box every time.","analysis",""
"Cape Verde earning a point against Uruguay too is no fluke. Their defensive system is well-coached — the low block is disciplined and they transition to attack with direct long balls targeting their pacey wingers. It's not pretty but it's extremely effective against teams that commit numbers forward.","analysis",""
"Brazil's 1-1 draw with Morocco exposed their biggest weakness: they don't have a plan B when teams sit deep. Vinícius and Rodrygo both want to receive to feet in the half-space rather than making runs behind. Morocco sat in a deep 4-5-1 and dared Brazil to break them down, and they couldn't until a set piece.","analysis",""
"Brazil looked much better against Haiti with the 3-0 win but it's hard to judge. What I did notice is that Dorival brought in a proper holding midfielder which freed Vinícius to play wider and stretch the pitch. That addresses the Morocco game problem — they need width to create central spaces.","analysis",""
"Scotland's 1-0 win over Haiti was gritty and well-organized. They didn't try to dominate possession — they sat in a 4-1-4-1 and hit on the counter. Their pressing was selective, only engaging high when the ball was on Haiti's weaker left side. Smart game management for a team that hasn't been at a World Cup in 28 years.","analysis",""
"Mexico winning the group with that 1-0 over South Korea showed tactical intelligence. They slowed the game down dramatically in the second half, averaging 12 seconds per goal kick. South Korea needed to chase the game and Mexico exploited the spaces behind their advancing fullbacks.","analysis",""
"Canada's 6-0 over Qatar was clinical but the most impressive aspect was Jonathan David's movement. His hat trick wasn't about individual brilliance — each goal came from him reading the defensive line and timing his runs perfectly. The fourth and fifth Canadian goals were textbook counter-attacking football.","analysis",""
"The Switzerland-Bosnia game was a great example of how effective a high press can be when executed properly. Switzerland won the ball back in the attacking third 9 times and converted that into 2 goals. Bosnia couldn't play out from the back at all.","analysis",""
"Ronaldo's continued presence in Portugal's starting XI is a tactical question more than an ego question. He doesn't press — Portugal's PPDA drops by nearly 40% when he's on vs off the pitch. But his aerial presence and penalty box movement are still elite. It's a genuine tradeoff.","analysis",""
"Haaland's two braces in two games for Norway aren't just about raw talent. Watch how he manipulates CBs before the ball arrives — he'll check one way then accelerate the other. Against Iraq the defenders were constantly a step behind because he initiated his runs a half-second before the pass was played.","analysis",""
"Eloy Room's performance for Curaçao against Ecuador deserves more attention. Making your country's first-ever World Cup point possible through goalkeeping is a fantastic achievement. Tactically Curaçao did well to deny Ecuador space centrally and force them into low-percentage crosses.","analysis",""
"The expanded 48-team format is actually producing better group stage games than expected. Because 32 out of 48 teams advance, the risk of early elimination is lower, which means smaller teams are playing with more attacking intent rather than parking the bus from minute one.","analysis",""
"One underrated storyline is how the heat in US cities is affecting game management. Teams playing in Houston and Dallas are using hydration breaks tactically — coaches are using them as mini team talks to adjust shape. It's adding a new dimension to in-game management.","analysis",""
"Looking at the data across all group stage games so far, teams playing as the designated home team are winning 48% of matches. In 2022 that was 42%. The actual crowd advantage of playing in North America seems to be helping certain teams, particularly Mexico.","analysis",""
"The smart ball technology has actually had meaningful impact. The automated offside detection overturned 3 goals so far that would have stood under the old system. It's making the game more accurate even if some of the margins are frustratingly tight.","analysis",""
"Spain's recovery from the Cape Verde draw to beat Saudi Arabia 3-0 showed their quality. De la Fuente adjusted by starting with two proper wingers instead of inverted forwards, giving them natural width that Cape Verde's narrow block couldn't handle.","analysis",""
"Belgium drawing with Iran after going down to 10 men was an impressive display of defensive organization. Martinez switched to a 5-3-1 immediately after the red card and Iran couldn't find spaces. The discipline to hold shape for 45 minutes at a World Cup when a man down is remarkable.","analysis",""
"Modric making history for Croatia despite the loss to England shows the gap between individual quality and team performance. Croatia's midfield kept possession well but they had no runners in behind. Kane and Bellingham exploited the space between Croatia's midfield and defense at will.","analysis",""
"The difference between good and bad pressing at this tournament is night and day. Compare Japan's coordinated triggers against Tunisia — compact, systematic, cutting passing lanes — with Iraq's attempt to press France, which was just players running at the ball individually and getting played around.","analysis",""
"What people overlook about Haaland is his linkup play has improved massively. Against Iraq he dropped deep to collect 8 times and completed every layoff. He's not just a poacher anymore — he's becoming a complete center forward who can hold the ball and bring others into play.","analysis",""
"Norway clinching a knockout spot with Haaland's brace against Senegal was deserved. Their 3-5-2 system gives them numerical superiority in midfield while Haaland occupies both center backs. When the wing-backs push forward it becomes an overload that's very hard to defend.","analysis",""
"Watching Yamal score his first World Cup goal in his hometown of Atlanta was special, but tactically what's impressive is how Spain are using him differently than at the Euros. He's staying wider and beating fullbacks on the outside rather than always cutting inside. It makes Spain less predictable.","analysis",""
"Egypt vs Belgium was a more competitive match than the neutral expected. Salah's performance was outstanding — he was involved in 67% of Egypt's attacks and his pressing from the right wing created turnovers that Egypt countered from. Even at his age he's world class in transition.","analysis",""
"The tournament's tactical trend so far is the death of high defensive lines against top attackers. Teams that tried to press high against Messi, Mbappé, or Haaland got destroyed. The successful underdogs — Cape Verde, Curaçao — sat deep and denied space behind the defense.","analysis",""
"The formation data across the tournament shows a massive shift toward 3-at-the-back systems compared to 2022. Nearly 40% of teams are using some form of back 3 in at least one game. The extra defender provides insurance against the expanded knockout format — losing early is costlier.","analysis",""
"Messi is the greatest athlete in human history and it's not even close anymore. 18 World Cup goals at 39 years old. Nobody will ever touch this.","hot_take",""
"Argentina are winning this whole thing again. Nobody can stop this team when Messi is in this form. Back to back champs incoming.","hot_take",""
"Anyone who still has Ronaldo over Messi after this tournament needs to be studied by scientists. The debate has been over for years.","hot_take",""
"Messi scoring 5 goals in 2 group stage games at age 39 officially makes every other attacker in history look like amateurs.","hot_take",""
"Algeria's defense was an absolute embarrassment. How do you let a 39-year-old score a hat trick against you. Shameful.","hot_take",""
"This Argentina squad is better than the 2022 version. The depth is ridiculous and Messi somehow looks MORE dangerous than he did four years ago.","hot_take",""
"Messi breaking the all-time World Cup scoring record is the greatest individual achievement in sports history. Full stop.","hot_take",""
"England are winning the World Cup. Tuchel has this team playing like a completely different animal. Nobody can live with them.","hot_take",""
"Tuchel has done more for English football in 6 months than Southgate did in 8 years. Absolutely criminal that they stuck with Southgate for so long.","hot_take",""
"Kane will finish as the tournament's top scorer. He's scoring for fun and the service he's getting from Bellingham is unreal.","hot_take",""
"If England don't win this World Cup it will be the biggest choke in the history of football. They have the best squad in the tournament by far.","hot_take",""
"Bellingham is already the best midfielder in the world and he's proving it at the World Cup. Generational talent.","hot_take",""
"Mbappé at 100 caps and still only 27. He will break every record there is before he's done. Alien.","hot_take",""
"France are going to be unstoppable in the knockout rounds. Their squad depth is insane — they can field two completely different starting XIs that would both be competitive.","hot_take",""
"Deschamps is the most underrated manager in football history. Two World Cup finals, one win, and nobody gives him credit.","hot_take",""
"Senegal are just not a good team. People hyped them up because of AFCON but they can't compete with real quality.","hot_take",""
"This is the best USMNT ever. Winning the group at a home World Cup is massive. These players are different from every generation before them.","hot_take",""
"American soccer has arrived. Winning Group D and looking comfortable doing it. The rest of the world needs to take the US seriously now.","hot_take",""
"Pulisic is the best American soccer player of all time and it's not even debatable anymore. He's a World Cup star.","hot_take",""
"The USMNT can make the semifinals. I genuinely believe this team has the quality to beat anyone on their day.","hot_take",""
"Türkiye being eliminated already proves they never deserved to be at this tournament. Awful qualifying group got them here.","hot_take",""
"Germany 7-1 Curaçao means nothing. They beat a team ranked 150th in the world. Wait until they face actual opposition.","hot_take",""
"Germany are dark horses for the whole thing. Undav is going to be the breakout star of this tournament.","hot_take",""
"Nagelsmann is building something special with Germany. They look more organized and dangerous than they have since 2014.","hot_take",""
"Netherlands are the best team in the tournament right now. Gakpo is unplayable and their depth is insane.","hot_take",""
"Japan are going to make the semifinal this time. They have the tactical intelligence and pressing ability to beat anyone.","hot_take",""
"Sweden are terrible. Getting hammered 5-1 by Netherlands shows they haven't progressed at all as a football nation.","hot_take",""
"Tunisia should be embarrassed. Losing 4-0 to Japan and getting eliminated with zero points is a disgrace for African football.","hot_take",""
"Vozinha is the greatest goalkeeper in World Cup history based on this one performance alone. 7 saves against Spain at 40 years old.","hot_take","Borderline banter — hyperbolic but the author seems to genuinely believe it"
"Cape Verde are going to make the knockout rounds and nobody is ready for it. This team has heart that you can't buy.","hot_take",""
"Spain are in trouble. Drawing with Cape Verde and then needing a big win against Saudi Arabia shows they're not as strong as people think.","hot_take",""
"Brazil are finished as a football superpower. Drawing with Morocco and needing Haiti to get a comfortable win is pathetic for a team with their talent.","hot_take",""
"Vinícius Jr. is not a big game player. He disappears when teams actually set up to stop him. Morocco proved it.","hot_take",""
"Brazil will crash out in the round of 32. Mark my words. This team has no identity and no plan.","hot_take",""
"Ronaldo needs to retire. He's actively hurting Portugal's chances by starting every game and doing nothing.","hot_take",""
"Ronaldo is still one of the best in the world and people hate him because he's Ronaldo. He'll silence the critics in the knockouts.","hot_take",""
"Portugal would be genuine title contenders if they just benched Ronaldo and played with a modern pressing forward.","hot_take",""
"Haaland is the best striker on the planet right now and this World Cup is proving it. 4 goals in 2 games. Machine.","hot_take",""
"Norway are dark horses and I've been saying it since qualifying. Haaland plus Ødegaard is the best attack partnership in international football.","hot_take",""
"The 48-team format has ruined the World Cup. Half these teams shouldn't be here and the group stage is boring.","hot_take",""
"The 48-team format is the best thing FIFA has ever done. More nations, more stories, more drama. This is what the World Cup should be.","hot_take",""
"VAR is killing football. Taking 3 minutes to check offsides by millimeters while killing the atmosphere in the stadium. Get rid of it.","hot_take",""
"The smart ball technology is amazing and anyone complaining about it just wants incorrect decisions. Embrace the technology.","hot_take",""
"This is already the best World Cup ever. The storylines, the goals, the upsets. 2026 is clear of Qatar.","hot_take",""
"Mexico winning Group A at home is not impressive. They had the easiest group in the tournament and barely scraped through.","hot_take",""
"Canada's 6-0 over Qatar was the most impressive result of the group stage. David is going to be a star.","hot_take","Borderline analysis but no specifics given about why David will be a star"
"Scotland fans are the best fans in the tournament. The atmosphere they've created in Boston is incredible.","hot_take",""
"The hydration breaks are ruining the flow of games. Just play through it like they do in every other sport.","hot_take",""
"Iraq got a raw deal being in a group with France and Norway. They would have advanced from most other groups.","hot_take",""
"African teams have been a disappointment this tournament. Only Morocco and Cape Verde have competed.","hot_take",""
"Asian football is clearly improving. Japan, South Korea, and Australia all looking competitive against top opposition.","hot_take",""
"Salah showed against Belgium that he's still world class. Anyone who wrote him off is a fool.","hot_take",""
"Belgium are done as a top football nation. The golden generation is over and there's nothing behind them.","hot_take",""
"Colombia are going to surprise everyone in the knockout rounds. They have the quality to beat any team in South America.","hot_take","Borderline analysis but doesn't explain why"
"Curaçao earning their first World Cup point is the best story of the tournament. Zero disrespect to bigger teams but this is what football is about.","hot_take",""
"Match attendance being the highest ever at this World Cup proves FIFA was right to expand to 48 teams. The demand is there.","hot_take",""
"Having games at 9pm kickoff in 35 degree heat is a genuine safety concern. FIFA doesn't care about player welfare.","hot_take",""
"Anyone comparing this Messi to prime Messi is delusional. He's great for 39 but he wouldn't get near the 2012 version of himself.","hot_take",""
"If Argentina win this World Cup, Messi is without question the greatest sportsperson to ever live. Not just footballer. Sportsperson.","hot_take",""
"Messi scoring a hat trick on the 20th anniversary of his World Cup debut is genuinely scripted. The writers aren't even trying to be subtle anymore.","banter",""
"Messi at 39 casually breaking the all-time record while Ronaldo's out there doing his jumping header celebration after every tap-in. Levels.","banter","Contains a real opinion about Messi vs Ronaldo but delivered as a joke"
"Luca Zidane conceding 3 to Messi and now needing a mental health coach. Being Zidane's son and having to face Messi in a World Cup is genuinely cursed.","banter",""
"Argentina fans at Arrowhead Stadium being louder than any Chiefs game is the most Kansas City thing that's ever happened at that stadium.","banter",""
"Messi's legs say 39 but his left foot says 25. Science cannot explain this man.","banter",""
"Imagine telling someone in 2006 that Messi would still be scoring hat tricks at the World Cup 20 years later. They'd have you committed.","banter",""
"De Paul calling Messi a madman in the post-match interview. My brother, the man has 18 World Cup goals. Madman is underselling it.","banter",""
"Football is coming home and this time English fans actually believe it. Which means they'll be even more devastated when they lose on penalties in the quarterfinals.","banter",""
"Tuchel fixing England in 6 months after Southgate spent 8 years turning them into the most boring team on the planet. The man just needed someone who wasn't scared of his own shadow.","banter","Contains a genuine critique of Southgate but framed as comedy"
"Kane tying Lineker's record is poetic because they both have the charisma of a wet paper towel but absolutely lethal in the box.","banter",""
"Every time England score, I just picture Gareth Southgate watching from home, cup of tea in hand, single tear rolling down his cheek.","banter",""
"English fans discovering that football can be entertaining when you actually attack. What a concept.","banter",""
"The Scottish fans have taken over Boston so completely that locals are starting to pronounce their Rs differently. Cultural invasion via kilts and beer.","banter",""
"Scotland winning their first World Cup game in 28 years and acting like they've won the whole tournament. And honestly they've earned it.","banter",""
"Boston was already a drinking city and then Scotland showed up. The local brewery supply chain will never recover.","banter",""
"Scottish fans singing in Boston pubs at 9am before a 3pm kickoff. Their commitment to creating atmosphere is unmatched. Their livers are taking one for the team.","banter",""
"Vozinha went from 50k Instagram followers to 14 million in 24 hours. He's literally more famous than some of the players he kept out. The man became a celebrity by NOT letting a ball go in.","banter",""
"A 40-year-old goalkeeper nicknamed 'Little Granny' shutting out Spain. This is peak football and you can't convince me otherwise.","banter",""
"Vozinha's mom couldn't get a visa to watch him play. Now he has 14 million followers. Somebody get that woman a plane ticket.","banter",""
"Spain generated 27 shots against Cape Verde and scored zero. At what point do you just forfeit and go home. Embarrassing scenes for the European champions.","banter","Borderline hot_take but the exaggeration signals humor"
"Cape Verde's population is 530,000 and Vozinha has 14 million Instagram followers. The man is followed by 26 times his country's entire population.","banter",""
"Vozinha making saves that would make prime Buffon jealous. Someone check this man's birth certificate because there's no way he's 40.","banter",""
"Germany 7-1 Curaçao. Brazil fans having war flashbacks to the chat right now.","banter",""
"Germany beating Curaçao 7-1 and celebrating like they won the whole tournament. My brother, Curaçao has a population of 150,000. Calm down.","banter",""
"Undav scoring twice as a sub is the most German efficiency thing ever. Came on, scored, probably already filed his taxes before the final whistle.","banter",""
"Mbappé celebrating his 100th cap like a normal milestone while being 27. The rest of us were celebrating passing our driving test at that age.","banter",""
"Senegal's defense watching Mbappé run at them at full speed must be genuinely terrifying. Like being chased by a sports car that can also dribble.","banter",""
"Deschamps winning World Cup games while looking like he's waiting at the DMV. The man has zero emotions. French efficiency.","banter",""
"America winning Group D at a home World Cup. Finally the country that calls it soccer is good at the sport they refuse to call football.","banter",""
"The USMNT fans doing the USA chant in every stadium like it's the Olympics. Peak patriotism applied to the one sport Americans historically didn't care about.","banter",""
"Pulisic playing at a World Cup in his own country and having the game of his life. The LeBron James of soccer as they say. Please don't roast me for that comparison.","banter",""
"Türkiye being eliminated before the final matchday of a group with the USA is genuinely unexpected. Somewhere a Turkish barber is angrily shaping someone's fade.","banter",""
"Brazil drawing with Morocco and then needing Haiti to boost their goal difference. The 5-time world champions really said 'we'll do the bare minimum and nothing more.'","banter",""
"Vinícius Jr against Morocco had more stepover attempts than completed passes in the final third. My man was break-dancing out there instead of playing football.","banter",""
"Brazilian fans taking over New York City like they own it. To be fair, when you have that many people wearing yellow in Times Square, it basically is Copacabana.","banter",""
"Haaland treating the World Cup like a training session. Iraq defenders just standing there watching him score like NPCs in a video game.","banter",""
"Haaland has 4 goals in 2 World Cup games. At this rate he'll have 14 by the final. Someone tell the defenders they're allowed to tackle him.","banter",""
"Norway qualifying for the World Cup and immediately becoming title contenders because they have the cheat code that is Erling Haaland. Football is sometimes just very simple.","banter",""
"Haaland calling Messi a madman on Snapchat right after scoring two goals himself. The absolute confidence of this man.","banter",""
"Ronaldo still starting for Portugal at the World Cup is the football equivalent of your dad insisting he can still play in the company softball game. Respect the confidence though.","banter",""
"Four years later and we're having the same debate about why Ronaldo is still starting for Portugal. Some things never change. Like Ronaldo's refusal to accept the passage of time.","banter",""
"DR Congo fans hitting Ronaldo with the SIUUU celebration after scoring against Portugal might be the greatest crowd moment of this World Cup.","banter",""
"VAR checking every goal for offside by looking at the player's shoelace. The technology has gone too far. My man's toenail was offside.","banter",""
"The hydration breaks every 30 minutes are just elaborate excuses for coaches to yell at their players. Love the drama of it.","banter",""
"Foreign visitors going viral for being amazed at American refrigerator sizes and free drink refills. This World Cup is really a cultural exchange program that happens to include football.","banter",""
"International fans discovering that American stadiums have cup holders at every seat and losing their minds. Wait until they find out about the nachos.","banter",""
"The stadium being called 'the stadium formerly known as Levi's Stadium' because of FIFA branding rules. Even the stadium has an identity crisis.","banter",""
"FIFA banning the Iranian Lion and Sun flag is absurd but also peak FIFA. Nothing says 'beautiful game for everyone' like restricting what flags people can wave.","banter",""
"48 teams means we get Cape Verde vs Spain and honestly it's the best game of the tournament. The World Cup expansion doubters are in shambles.","banter",""
"This World Cup has already produced enough content for 10 years of football documentaries. Netflix is probably already on the phone with Vozinha's agent.","banter",""
"World Cup 2026 in the US really hits different when you see Scottish fans in kilts walking around Boston in 90 degree heat. Absolute commitment to the bit.","banter",""
"Canada putting 6 past Qatar. Jesse Marsch revenge tour continues after the US didn't hire him. The man is coaching with grudge energy.","banter",""
"Qatar losing 6-0 to Canada after hosting the last World Cup. Going from host nation to punching bag speedrun any percent.","banter",""
"Mexico fans creating the best atmosphere in the tournament. The Azteca was bouncing so hard I thought there was an earthquake. Technically there might have been.","banter",""
"The opening ceremony being roasted online while simultaneously getting 485,000 tweets is peak World Cup. Everyone watches, everyone complains.","banter",""
"Tunisia captain apologizing after elimination with zero points. My brother, an apology is not going to fix getting outscored 8-1 in the group stage.","banter",""
"Switzerland drawing with Qatar and then beating Bosnia 4-1. The most Swiss thing ever — start boring, then quietly become very efficient.","banter",""
"Jordan losing to Austria and honestly that's just how it goes when you're a small nation at the World Cup. But hey, they're AT the World Cup. Can't knock the vibes.","banter",""
"German fan cycling 26,000km to get to Houston for the World Cup. And I complain about having to drive 20 minutes to watch a game at a bar.","banter",""
"Messi turning 39 during the World Cup and still being the best player in the tournament. Father Time is undefeated except when it comes to Argentine number 10s apparently.","banter",""
"Every time a small team scores against a big one at this World Cup, the whole neutral world celebrates. This is the content we signed up for.","banter",""
"Football Twitter during a World Cup is simultaneously the best and worst place on the internet. Hot takes flying around like Mbappé on a fast break.","banter",""
"Belgium playing 10 men for 45 minutes against Iran and somehow getting a draw. The golden generation refuses to die quietly.","banter","Borderline hot_take but 'refuses to die quietly' is clearly comedic framing"
"Panama playing Croatia sounds like a FIFA random matchup that the game generated when you simmed a career mode season.","banter",""
"Salah carrying Egypt at the World Cup like he carries Liverpool every season. Some things are universal constants.","banter","Contains a real opinion but the 'universal constants' framing is humorous"
"One thing that doesn't get discussed enough is set piece coaching at this World Cup. England have scored from 3 set pieces, all using different routines — a near-post flick, a back-post run, and a short corner. Tuchel clearly has a set piece coach who's prepared multiple variations for each opponent.","analysis",""
"The most interesting tactical battle of the group stage was Japan vs Netherlands. Japan's manager set up specifically to exploit Dumfries' tendency to push high on the right. They overloaded the left flank and both Japanese goals came from that side because Dumfries couldn't recover in time.","analysis",""
"Morocco's 1-1 draw with Brazil was a masterclass in defensive transitions. They averaged 2.3 seconds from losing the ball to being set in a defensive shape. That's faster than any team measured at the 2022 World Cup. It's why Brazil found no space to counter even after winning possession.","analysis",""
"Looking at passing networks from the group stage, Argentina have the most balanced distribution of any team. No single player accounts for more than 15% of total passes. Compare that to Portugal where Ronaldo receives 22% of final third passes despite creating almost nothing from them.","analysis",""
"The biggest tactical evolution from 2022 to 2026 is the role of the goalkeeper in build-up. 38% of teams are now using their GK as an active passing option in the first phase, up from 24% in Qatar. It's changing how teams press because you have to account for the keeper as a passing lane.","analysis",""
"USA's pressing structure against Australia was asymmetric — they pressed aggressively on Australia's left side but dropped off on the right. This channeled Australia into predictable passing patterns and the US midfield was pre-positioned to intercept. 6 interceptions came from this trap.","analysis",""
"Norway's 3-5-2 is the system of the tournament for me. The two strikers — Haaland and Sørloth — occupy both center backs. The wing-backs provide width. And Ødegaard in the number 10 role links everything. It's simple but devastatingly effective because of the individual quality in each position.","analysis",""
"Ecuador's 0-0 with Curaçao wasn't just about Eloy Room's goalkeeping. Ecuador attempted 23 crosses but only 4 found a teammate. Their final ball was atrocious. Room was excellent but Ecuador's lack of crossing accuracy was the primary reason they couldn't score.","analysis",""
"The physical data from this tournament shows that total distance covered per team is down 4.2% compared to Qatar 2022, but sprint distance is UP 7%. Teams are being smarter about when they exert energy — less jogging, more explosive actions. The heat is forcing efficiency.","analysis",""
"South Korea's approach against Mexico in the 1-0 loss was puzzling. They sat deep for 70 minutes despite needing a result, then suddenly pushed forward and got caught on the break. The late tactical shift felt panicked rather than planned — Son was isolated up front with no support runners.","analysis",""
"Ghana's defensive shape against England was actually decent for 60 minutes. Their 4-5-1 was compact and England were struggling to create clear chances. The problem was fatigue — after 60 minutes the midfield line dropped 15 meters deeper and the gap between midfield and attack became enormous.","analysis",""
"Croatia's midfield of Modric-Brozovic-Kovacic is still technically excellent but the legs aren't there anymore. Against England they completed 91% of passes in their own half but only 64% in England's half. They can keep the ball but can't progress it under pressure the way they used to.","analysis",""
"What makes Canada's system work under Marsch is the counter-pressing. When they lose the ball, the nearest 3 players immediately press rather than retreating. Against Qatar this resulted in winning the ball back 11 times within 6 seconds of losing it. That's what created the 6-0 scoreline — relentless pressure on Qatar's technical weaknesses.","analysis",""
"Cote d'Ivoire's first half against Germany was actually competitive — they had 47% possession and created 2 good chances. The collapse came when Germany brought on Undav and Cote d'Ivoire tried to match them by attacking more, which left gaps their defense couldn't cover.","analysis",""
"Paraguay's 1-0 win over Türkiye was an underappreciated result. They defended with a deep 5-3-2 and hit on the counter with pace. The goal came from a pattern they'd rehearsed — a long ball over the top for the striker to chase, with a midfielder arriving late to collect the knockdown.","analysis",""
"Saudi Arabia's 1-1 draw with Uruguay in Group H was built on disciplined shape. They used a 4-4-2 medium block that denied Uruguay space between the lines. Whenever Uruguay tried to play through the middle, both banks of four shifted together. It's basic but it was executed perfectly.","analysis",""
"Spain's recovery against Saudi Arabia after the Cape Verde draw showed their best quality — ball circulation speed. They averaged 1.2 seconds per pass against Saudi Arabia compared to 1.8 seconds against Cape Verde. When Spain move the ball quickly, even elite defenses can't keep up.","analysis",""
"The data on substitutions this tournament is fascinating. Teams that use all 5 subs before the 70th minute are winning 62% of their remaining matches. Early subs to manage fatigue in the heat are proving to be a genuine competitive advantage.","analysis",""
"Iran holding Belgium to a draw after the red card was about more than just defending. They actually controlled 56% of possession after going a man up and created 4 clear chances. The problem was finishing — 0.8 xG from those chances but no goals. Wasteful.","analysis",""
"One pattern across the tournament: teams from Africa and Asia are pressing higher and more aggressively than in any previous World Cup. The gap in tactical sophistication between confederations has narrowed significantly. Japan, Morocco, and South Korea all press at a level that matches European teams.","analysis",""
"The goalkeeper union at this World Cup is having a moment. Vozinha, Eloy Room, Matt Freese for the US, and Alisson for Brazil have all been standouts. The level of shot-stopping has been extraordinary — the goals-per-game average is lower than 2022 despite there being more chances.","analysis",""
"Haaland will win the Golden Boot. Messi might have the head start but Haaland is going to feast in the knockout rounds against tired defenses.","hot_take",""
"Norway are genuinely going to win the World Cup. Haaland and Ødegaard together are unstoppable.","hot_take",""
"The USMNT would be in the semifinal of the Euros. American players are just better than 80% of European nations now.","hot_take",""
"Japan are the best Asian team in football history. This squad would compete in any European league.","hot_take",""
"Gakpo is a top 5 player in the world right now. His World Cup form is not a fluke.","hot_take",""
"This expanded format means the World Cup winner will have to play 8 games. That's insane and whoever wins this tournament is the most deserving champion ever.","hot_take",""
"Morocco are going to knock out Brazil in the round of 32. They have the defensive organization and the fear factor.","hot_take",""
"Barcola is going to be a bigger star than Mbappé within 3 years. His World Cup debut goal was special.","hot_take",""
"Lamine Yamal scoring in Atlanta, the city where he grew up watching MLS games as a kid. Destiny.","hot_take","This might be factually wrong but that's realistic for a hot take"
"Croatia's golden generation is officially over. Modric looks done at the highest level.","hot_take",""
"The round of 32 format is going to produce so many upsets. Small teams with nothing to lose against big teams who barely scraped through in third place.","hot_take",""
"Marsch getting rejected by the US and then coaching Canada to a better group stage result is the ultimate revenge arc.","hot_take",""
"Ecuador are the most boring team in this tournament. The 0-0 with Curaçao was unwatchable.","hot_take",""
"Messi breaking records at 39 while I threw out my back reaching for the TV remote yesterday. Life is unfair.","banter",""
"Japan beating Tunisia 4-0 and barely making the news because Messi decided to break every record on the same day. Main character energy from Leo.","banter",""
"The World Cup smart ball needing to be charged is the most 2026 thing ever. Imagine the ball dying mid-match. 'Sorry lads, low battery, take a hydration break.'","banter",""
"International fans discovering Costco during the World Cup is my favorite subplot. 'You can buy 48 croissants for 8 dollars??' Welcome to America, friends.","banter",""
"Paraguay beating Türkiye 1-0 is the kind of result that appears in a quiz in 20 years and absolutely nobody gets it right.","banter",""
"Every time the camera cuts to Bielsa on the Uruguay bench he looks like a philosophy professor who accidentally wandered into a football stadium.","banter",""
"The group of death this tournament was Group H — Spain, Uruguay, Cape Verde, Saudi Arabia — and Cape Verde emerged as everyone's second favorite team. Football truly is the beautiful game.","banter",""
